{
    "title": "Sandwich au pain",
    "description": "oui oui, c'est pas mal, je vous jure",
    "ingredients": ["pain de type 1", "pain de type 2"],
    "instructions": ["prendre 2 tranches de pain 1", "mettre une tranche de pain 2 au milieu"],
    "cookingTime": 1,
    "difficulty": "Facile",
    "category": "Snacks",
    "season": "Toute saison",
    "image": "https://raw.githubusercontent.com/Suzor-Antonin-EPITA/sga-file-storage/main/sandwich-pain-mini.jpg",
    "localIngredients": false,
    "author": "asuzor"
}